testquestions,   Previous questions
How many mode of payments you accept?,What are the different modes of payments you accept?
what can I do in the case of unable to use eCash for uber?,I'm unable to use eCash for Uber - what can I do?
how can I book a Hotel?,Book a Hotel
should children carry photo ID proof also?,Do children need photo ID proofs also?
I found the ticket is not confirmed while already booked a cab.,"I booked a Cab, but found the ticket is not confirmed?"
My train ticket is not confirmed after the chart is prepared.How can I  get refund?,How will I get the refund if my train ticket is not confirmed after the chart is prepared?
how can  I change the number of rooms that  I  booked ?,How to change the number of rooms that I booked?
I Found that my booked ticket is not confirmed?,"I booked a ticket, but found the ticket is not confirmed?"
"for canceling my booking, is It necessary that I supposed a yatra account ?",Am I supposed to have a Yatra Account for canceling my booking?
should I carry booking voucher along?,Do I need to bring the booking voucher along?
It has been 48 hours since I did not received my booked confirmation.Help!,It has been 48 hours since I booked and have not received confirmation.Help!
What happens if a activity booking  Rejected?,What happens if a activity booking is Rejected/Failed?
What if I cancel the activity booking before it confirmed by the vendor?,What are boarding points ?
what charges to cancel my activity booking?,What are the cancellation charges for my activity booking?
can I park My vachiles near the departure point?,Is there any parking near the departure point?
why have not I received a reply on my email?,I have not received a reply to my emails. Why?
can I dropped off after my activity to my hotel or in the city ?,Can I get dropped off after my activity to my hotel or in the city?
when I confirmed about my activity booking?,When do I receive confirmation of my activity booking?
can I take a customized activity/package for myself and/or my group?,Can I get a customized activity/package for myself and/or my group?
how many day before I can book for an activity?,How far in advance can I book for an activity?
"I am already at destination , can I book an activity?",Can I book an activity when I reach the destination?
My bus  cancelled. Help!,My bus service is cancelled. Help!
"My bus service cancelled, how do I get the refund?""","My bus service  is cancelled, how do I get the refund?"""
How can I choose which class of seat to book?,How can I select which class of seat to book?
Why I asked to reconfirm the departure station while booking a train ticket?,Why am I asked to reconfirm the departure station while booking a train ticket?
can I book railway tickets last minute through Yatra.com?,Is it possible to book railway tickets last minute through Yatra.com?
How will my train tickets delivered to me?,How will my train tickets be delivered to me?
which id  required for a child on a fligth?,What ID is required for a Child on a flight?
why is the fligth ticket’s price different at at slection time and booking time?,The price of a flight ticket is different at the time of selection and actual booking. Why?
how much time before should i check-in at airport?,How early should I check-in at the airport?
how can I get special assistance if it is required?,Whom should I contact in case special assistance is required?
what is refundable and non-refundable fares?,What is the difference between refundable and non-refundable fares?
I have entered wrong name during booking an international fligth. Can I changed it?,I entered the wrong name while booking an international flight ticket. Can I get it changed?
how can I get correct invoice against my booking ?,I want a correct invoice against my booking. How can I get it
I was unable to make successful booking. Can yatra customer service help ?,I was not able to make a successful booking. Can Yatra Customer Service help?
Is It  possible to cancel e-ticket offline at railway reservation window ?,"Can I cancel an e-ticket offline, at the railway reservation counter?"
I am geeting no fligth result on search page.,I have been getting zero flight results on the search page.
how can I buy meal coupons on a fligth?,How can I purchase meal coupons on a flight?
 what is alternative if I misplaced my e-ticket?,What if my e-ticket is misplaced?
How many types of Meal plans offered by hotels?,What are the different Meal plans offered by hotels ?
